Person 1,Person 2,Anniversary
Carol Ali,Erik Santiago,2015-07-20
Terry Morgan,Anthony Little,1999-10-16
Jonathan Rodriguez,Christian Williams,1988-03-26
Sara Wyatt,Donald Vazquez,2004-02-13
William Turner,Joseph Anderson,1987-01-21
Kristen Dougherty,Amy Little,1984-11-06
Spencer Burns,Joseph Hoover,1991-11-04
James Moore,Diane Patel,1994-08-11
Larry Palmer,Karen Rios,2011-06-21
Margaret Rush,Diane Patel,2022-08-22
Paul Medina,Samantha Foster,1976-04-29
Valerie Mccann,Michelle Davis,1990-05-27
Michael Weaver,Claudia Richardson,2020-04-06
Jeremy Roth,Matthew Sheppard,1978-04-20
Loretta Thompson,Vanessa Barnes,1995-05-24
Crystal Watson,Carla Bray,1976-01-11
Mary Edwards,Christie Bowman,1999-04-15
Justin Morrison,John Rodgers,2007-11-06
Justin Morrison,Jonathan Gomez,2002-12-11
Sherry Peters,Mason Flores,1992-12-21
Matthew Sheppard,Brett Washington,1978-05-31
Michelle Davis,Richard Mercado,2002-06-09
Meghan Yates,Alexa Garcia,2023-10-28
Ms. Cheryl Mcdonald DDS,Wanda Martinez,2001-11-28
Aaron Flores,Jeffrey Sanchez,1991-10-03
Michael Johnson,Carla Floyd,2008-07-25
